val_loss,epoch,step,train_loss
0.9841770529747009,0,22,
0.7818360328674316,1,45,
,2,49,0.5936316251754761
